city_id,city_cn,number,background,incentive1,incentive2,area,pop,pred_number1,pred_number2,number_iv,env_lon,env_lat,centroid_lon,centroid_lat,cen_lat,cen_lon,disttocoast,GDP,year,quarter,pre,tem_mean,any_air,any_air_shutdown,any_air_fine,any_air_renovate,any_air_warning,any_air_10,any_air_20,any_air_50,age,age_year,pred,tem_meand,time,log_any_air,log_any_air_10,log_any_air_20,log_any_air_50,post1,any_air_rest
1405.0,晋城,5.0,1.0,0.0,20.0,51.0,42.0,4.0,2.0,4.0,112.84126124783164,35.49035163926217,112.74298060861244,35.61168198755979,35.490701,112.851831,539183.56,50243.0,2010.0,1.0,17.69999986886978,1.76,1.0,1.0,0.0,1.0,0.0,0.0,1.0,0.0,50.0,53.0,0.0,1.0,1.0,0.6931472,0.0,0.6931472,0.0,0.0,3.0
1405.0,晋城,5.0,1.0,0.0,20.0,51.0,42.0,4.0,2.0,4.0,112.84126124783164,35.49035163926217,112.74298060861244,35.61168198755979,35.490701,112.851831,539183.56,50243.0,2010.0,2.0,121.39999777823687,17.946154,1.0,1.0,0.0,0.0,0.0,0.0,1.0,0.0,50.0,53.0,6.0,17.0,2.0,0.6931472,0.0,0.6931472,0.0,0.0,3.0
1405.0,晋城,5.0,1.0,0.0,20.0,51.0,42.0,4.0,2.0,4.0,112.84126124783164,35.49035163926217,112.74298060861244,35.61168198755979,35.490701,112.851831,539183.56,50243.0,2010.0,3.0,298.3999994620681,22.398912,0.0,0.0,0.0,0.0,0.0,0.0,0.0,0.0,50.0,53.0,14.0,22.0,3.0,0.0,0.0,0.0,0.0,0.0,0.0
1405.0,晋城,5.0,1.0,0.0,20.0,51.0,42.0,4.0,2.0,4.0,112.84126124783164,35.49035163926217,112.74298060861244,35.61168198755979,35.490701,112.851831,539183.56,50243.0,2010.0,4.0,18.500000454485416,6.708696,1.0,0.0,0.0,1.0,0.0,0.0,1.0,0.0,50.0,53.0,0.0,6.0,4.0,0.6931472,0.0,0.6931472,0.0,0.0,3.0
1405.0,晋城,5.0,1.0,0.0,20.0,51.0,42.0,4.0,2.0,4.0,112.84126124783164,35.49035163926217,112.74298060861244,35.61168198755979,35.490701,112.851831,539183.56,50243.0,2011.0,1.0,25.700000047683716,0.41777778,1.0,1.0,0.0,1.0,0.0,0.0,1.0,0.0,50.0,48.0,1.0,0.0,5.0,0.6931472,0.0,0.6931472,0.0,0.0,0.0
1405.0,晋城,5.0,1.0,0.0,20.0,51.0,42.0,4.0,2.0,4.0,112.84126124783164,35.49035163926217,112.74298060861244,35.61168198755979,35.490701,112.851831,539183.56,50243.0,2011.0,2.0,87.09999922662973,19.372528,0.0,0.0,0.0,0.0,0.0,0.0,0.0,0.0,50.0,48.0,4.0,19.0,6.0,0.0,0.0,0.0,0.0,0.0,0.0
1405.0,晋城,5.0,1.0,0.0,20.0,51.0,42.0,4.0,2.0,4.0,112.84126124783164,35.49035163926217,112.74298060861244,35.61168198755979,35.490701,112.851831,539183.56,50243.0,2011.0,3.0,490.7000071555376,21.253262,1.0,0.0,1.0,0.0,0.0,0.0,1.0,0.0,50.0,48.0,24.0,21.0,7.0,0.6931472,0.0,0.6931472,0.0,0.0,0.0
1405.0,晋城,5.0,1.0,0.0,20.0,51.0,42.0,4.0,2.0,4.0,112.84126124783164,35.49035163926217,112.74298060861244,35.61168198755979,35.490701,112.851831,539183.56,50243.0,2011.0,4.0,123.200000166893,6.5456524,0.0,0.0,0.0,0.0,0.0,0.0,0.0,0.0,50.0,48.0,6.0,6.0,8.0,0.0,0.0,0.0,0.0,0.0,0.0
1405.0,晋城,5.0,1.0,0.0,20.0,51.0,42.0,4.0,2.0,4.0,112.84126124783164,35.49035163926217,112.74298060861244,35.61168198755979,35.490701,112.851831,539183.56,50243.0,2012.0,1.0,30.100000210106373,0.7241758,1.0,0.0,0.0,0.0,0.0,0.0,1.0,0.0,50.0,49.0,1.0,0.0,9.0,0.6931472,0.0,0.6931472,0.0,0.0,2.0
1405.0,晋城,5.0,1.0,0.0,20.0,51.0,42.0,4.0,2.0,4.0,112.84126124783164,35.49035163926217,112.74298060861244,35.61168198755979,35.490701,112.851831,539183.56,50243.0,2012.0,2.0,44.70000009983778,19.721977,1.0,1.0,1.0,0.0,0.0,0.0,0.0,1.0,50.0,49.0,2.0,19.0,10.0,0.6931472,0.0,0.0,0.6931472,0.0,2.0
1405.0,晋城,5.0,1.0,0.0,20.0,51.0,42.0,4.0,2.0,4.0,112.84126124783164,35.49035163926217,112.74298060861244,35.61168198755979,35.490701,112.851831,539183.56,50243.0,2012.0,3.0,235.7999987527728,22.036957,0.0,0.0,0.0,0.0,0.0,0.0,0.0,0.0,50.0,49.0,11.0,22.0,11.0,0.0,0.0,0.0,0.0,0.0,0.0
1405.0,晋城,5.0,1.0,0.0,20.0,51.0,42.0,4.0,2.0,4.0,112.84126124783164,35.49035163926217,112.74298060861244,35.61168198755979,35.490701,112.851831,539183.56,50243.0,2012.0,4.0,23.899999722838402,5.370652,0.0,0.0,0.0,0.0,0.0,0.0,0.0,0.0,50.0,49.0,1.0,5.0,12.0,0.0,0.0,0.0,0.0,0.0,0.0
1405.0,晋城,5.0,1.0,0.0,20.0,51.0,42.0,4.0,2.0,4.0,112.84126124783164,35.49035163926217,112.74298060861244,35.61168198755979,35.490701,112.851831,539183.56,50243.0,2013.0,1.0,22.59999994188547,2.93,3.0,1.0,1.0,1.0,0.0,0.0,3.0,0.0,50.0,45.0,1.0,2.0,13.0,1.3862944,0.0,1.3862944,0.0,0.0,5.0
1405.0,晋城,5.0,1.0,0.0,20.0,51.0,42.0,4.0,2.0,4.0,112.84126124783164,35.49035163926217,112.74298060861244,35.61168198755979,35.490701,112.851831,539183.56,50243.0,2013.0,2.0,161.29999785125256,19.254946,0.0,0.0,0.0,0.0,0.0,0.0,0.0,0.0,50.0,45.0,8.0,19.0,14.0,0.0,0.0,0.0,0.0,0.0,0.0
1405.0,晋城,5.0,1.0,0.0,20.0,51.0,42.0,4.0,2.0,4.0,112.84126124783164,35.49035163926217,112.74298060861244,35.61168198755979,35.490701,112.851831,539183.56,50243.0,2013.0,3.0,532.0999923795462,23.686956,2.0,0.0,0.0,2.0,0.0,0.0,2.0,0.0,50.0,45.0,26.0,23.0,15.0,1.0986123,0.0,1.0986123,0.0,0.0,3.0
1405.0,晋城,5.0,1.0,0.0,20.0,51.0,42.0,4.0,2.0,4.0,112.84126124783164,35.49035163926217,112.74298060861244,35.61168198755979,35.490701,112.851831,539183.56,50243.0,2013.0,4.0,47.09999971091747,6.45,0.0,0.0,0.0,0.0,0.0,0.0,0.0,0.0,50.0,45.0,2.0,6.0,16.0,0.0,0.0,0.0,0.0,0.0,0.0
1405.0,晋城,5.0,1.0,0.0,20.0,51.0,42.0,4.0,2.0,4.0,112.84126124783164,35.49035163926217,112.74298060861244,35.61168198755979,35.490701,112.851831,539183.56,50243.0,2014.0,1.0,41.39999958127737,3.48,2.0,0.0,2.0,0.0,0.0,1.0,1.0,0.0,50.0,46.0,2.0,3.0,17.0,1.0986123,0.6931472,0.6931472,0.0,0.0,3.0
1405.0,晋城,5.0,1.0,0.0,20.0,51.0,42.0,4.0,2.0,4.0,112.84126124783164,35.49035163926217,112.74298060861244,35.61168198755979,35.490701,112.851831,539183.56,50243.0,2014.0,2.0,160.99999845027924,19.134066,1.0,1.0,0.0,1.0,0.0,0.0,1.0,0.0,50.0,46.0,8.0,19.0,18.0,0.6931472,0.0,0.6931472,0.0,0.0,1.0
1405.0,晋城,5.0,1.0,0.0,20.0,51.0,42.0,4.0,2.0,4.0,112.84126124783164,35.49035163926217,112.74298060861244,35.61168198755979,35.490701,112.851831,539183.56,50243.0,2014.0,3.0,367.70000226050615,22.091305,3.0,0.0,2.0,2.0,0.0,1.0,2.0,0.0,50.0,46.0,18.0,22.0,19.0,1.3862944,0.6931472,1.0986123,0.0,0.0,4.0
1405.0,晋城,5.0,1.0,0.0,20.0,51.0,42.0,4.0,2.0,4.0,112.84126124783164,35.49035163926217,112.74298060861244,35.61168198755979,35.490701,112.851831,539183.56,50243.0,2014.0,4.0,18.500000290572643,6.6413045,2.0,1.0,1.0,1.0,0.0,1.0,1.0,0.0,50.0,46.0,0.0,6.0,20.0,1.0986123,0.6931472,0.6931472,0.0,0.0,3.0
1405.0,晋城,5.0,1.0,0.0,20.0,51.0,42.0,4.0,2.0,4.0,112.84126124783164,35.49035163926217,112.74298060861244,35.61168198755979,35.490701,112.851831,539183.56,50243.0,2015.0,1.0,25.80000001937151,3.6077778,5.0,3.0,4.0,3.0,1.0,1.0,4.0,0.0,50.0,47.0,1.0,3.0,21.0,1.7917595,0.6931472,1.609438,0.0,1.0,6.0
1405.0,晋城,5.0,1.0,0.0,20.0,51.0,42.0,4.0,2.0,4.0,112.84126124783164,35.49035163926217,112.74298060861244,35.61168198755979,35.490701,112.851831,539183.56,50243.0,2015.0,2.0,202.89999773353338,18.471428,11.0,11.0,11.0,10.0,0.0,1.0,10.0,0.0,50.0,47.0,10.0,18.0,22.0,2.4849067,0.6931472,2.3978953,0.0,1.0,14.0
1405.0,晋城,5.0,1.0,0.0,20.0,51.0,42.0,4.0,2.0,4.0,112.84126124783164,35.49035163926217,112.74298060861244,35.61168198755979,35.490701,112.851831,539183.56,50243.0,2015.0,3.0,135.50000154227018,22.354347,10.0,9.0,7.0,7.0,0.0,2.0,8.0,0.0,50.0,47.0,6.0,22.0,23.0,2.3978953,1.0986123,2.1972246,0.0,1.0,13.0
1405.0,晋城,5.0,1.0,0.0,20.0,51.0,42.0,4.0,2.0,4.0,112.84126124783164,35.49035163926217,112.74298060861244,35.61168198755979,35.490701,112.851831,539183.56,50243.0,2015.0,4.0,129.39999774098396,6.4793477,5.0,5.0,4.0,3.0,0.0,0.0,5.0,0.0,50.0,47.0,6.0,6.0,24.0,1.7917595,0.0,1.7917595,0.0,1.0,6.0
1405.0,晋城,5.0,1.0,0.0,20.0,51.0,42.0,4.0,2.0,4.0,112.84126124783164,35.49035163926217,112.74298060861244,35.61168198755979,35.490701,112.851831,539183.56,50243.0,2016.0,1.0,14.799999989569187,2.656044,12.0,9.0,9.0,8.0,0.0,1.0,11.0,0.0,50.0,48.0,0.0,2.0,25.0,2.5649493,0.6931472,2.4849067,0.0,1.0,34.0
1405.0,晋城,5.0,1.0,0.0,20.0,51.0,42.0,4.0,2.0,4.0,112.84126124783164,35.49035163926217,112.74298060861244,35.61168198755979,35.490701,112.851831,539183.56,50243.0,2016.0,2.0,219.70000086724758,18.841759,9.0,9.0,9.0,6.0,0.0,3.0,6.0,0.0,50.0,48.0,10.0,18.0,26.0,2.3025851,1.3862944,1.9459101,0.0,1.0,25.0
1405.0,晋城,5.0,1.0,0.0,20.0,51.0,42.0,4.0,2.0,4.0,112.84126124783164,35.49035163926217,112.74298060861244,35.61168198755979,35.490701,112.851831,539183.56,50243.0,2016.0,3.0,327.29999870061874,23.29239,4.0,3.0,3.0,2.0,0.0,0.0,4.0,0.0,50.0,48.0,16.0,23.0,27.0,1.609438,0.0,1.609438,0.0,1.0,10.0
1405.0,晋城,5.0,1.0,0.0,20.0,51.0,42.0,4.0,2.0,4.0,112.84126124783164,35.49035163926217,112.74298060861244,35.61168198755979,35.490701,112.851831,539183.56,50243.0,2016.0,4.0,114.29999889433384,7.152174,11.0,11.0,11.0,11.0,0.0,1.0,10.0,0.0,50.0,48.0,5.0,7.0,28.0,2.4849067,0.6931472,2.3978953,0.0,1.0,31.0
1405.0,晋城,5.0,1.0,0.0,20.0,51.0,42.0,4.0,2.0,4.0,112.84126124783164,35.49035163926217,112.74298060861244,35.61168198755979,35.490701,112.851831,539183.56,50243.0,2017.0,1.0,36.89999996870756,3.471111,47.0,41.0,40.0,40.0,5.0,11.0,35.0,1.0,50.0,55.0,1.0,3.0,29.0,3.871201,2.4849067,3.583519,0.6931472,1.0,189.0
1405.0,晋城,5.0,1.0,0.0,20.0,51.0,42.0,4.0,2.0,4.0,112.84126124783164,35.49035163926217,112.74298060861244,35.61168198755979,35.490701,112.851831,539183.56,50243.0,2017.0,2.0,151.89999982714653,19.324177,23.0,22.0,22.0,19.0,5.0,6.0,16.0,1.0,50.0,55.0,7.0,19.0,30.0,3.1780539,1.9459101,2.8332133,0.6931472,1.0,94.0
1405.0,晋城,5.0,1.0,0.0,20.0,51.0,42.0,4.0,2.0,4.0,112.84126124783164,35.49035163926217,112.74298060861244,35.61168198755979,35.490701,112.851831,539183.56,50243.0,2017.0,3.0,245.30000243335962,23.657608,23.0,18.0,17.0,22.0,3.0,7.0,16.0,0.0,50.0,55.0,12.0,23.0,31.0,3.1780539,2.0794415,2.8332133,0.0,1.0,94.0
1405.0,晋城,5.0,1.0,0.0,20.0,51.0,42.0,4.0,2.0,4.0,112.84126124783164,35.49035163926217,112.74298060861244,35.61168198755979,35.490701,112.851831,539183.56,50243.0,2017.0,4.0,63.600000724196434,6.277174,46.0,44.0,43.0,40.0,5.0,7.0,37.0,2.0,50.0,55.0,3.0,6.0,32.0,3.8501475,2.0794415,3.637586,1.0986123,1.0,189.0
1406.0,朔州,5.0,0.0,0.0,20.0,66.6,60.0,4.0,4.0,4.0,112.407290575569,39.32761547450113,112.75627133181821,39.56516040965907,39.331595,112.432825,450359.22,57368.0,2010.0,1.0,22.70000009983778,-3.8533332,0.0,0.0,0.0,0.0,0.0,0.0,0.0,0.0,54.0,53.0,1.0,-3.0,1.0,0.0,0.0,0.0,0.0,0.0,0.0
1406.0,朔州,5.0,0.0,0.0,20.0,66.6,60.0,4.0,4.0,4.0,112.407290575569,39.32761547450113,112.75627133181821,39.56516040965907,39.331595,112.432825,450359.22,57368.0,2010.0,2.0,68.60000065714121,15.025274,0.0,0.0,0.0,0.0,0.0,0.0,0.0,0.0,54.0,53.0,3.0,15.0,2.0,0.0,0.0,0.0,0.0,0.0,0.0
1406.0,朔州,5.0,0.0,0.0,20.0,66.6,60.0,4.0,4.0,4.0,112.407290575569,39.32761547450113,112.75627133181821,39.56516040965907,39.331595,112.432825,450359.22,57368.0,2010.0,3.0,298.1000016480684,20.379349,2.0,1.0,1.0,1.0,0.0,1.0,0.0,1.0,54.0,53.0,14.0,20.0,3.0,1.0986123,0.6931472,0.0,0.6931472,0.0,0.0
1406.0,朔州,5.0,0.0,0.0,20.0,66.6,60.0,4.0,4.0,4.0,112.407290575569,39.32761547450113,112.75627133181821,39.56516040965907,39.331595,112.432825,450359.22,57368.0,2010.0,4.0,20.99999987334013,1.0076087,0.0,0.0,0.0,0.0,0.0,0.0,0.0,0.0,54.0,53.0,1.0,1.0,4.0,0.0,0.0,0.0,0.0,0.0,0.0
1406.0,朔州,5.0,0.0,0.0,20.0,66.6,60.0,4.0,4.0,4.0,112.407290575569,39.32761547450113,112.75627133181821,39.56516040965907,39.331595,112.432825,450359.22,57368.0,2011.0,1.0,12.000000104308128,-5.9466667,0.0,0.0,0.0,0.0,0.0,0.0,0.0,0.0,54.0,54.0,0.0,-5.0,5.0,0.0,0.0,0.0,0.0,0.0,0.0
1406.0,朔州,5.0,0.0,0.0,20.0,66.6,60.0,4.0,4.0,4.0,112.407290575569,39.32761547450113,112.75627133181821,39.56516040965907,39.331595,112.432825,450359.22,57368.0,2011.0,2.0,129.70000088959932,15.246154,0.0,0.0,0.0,0.0,0.0,0.0,0.0,0.0,54.0,54.0,6.0,15.0,6.0,0.0,0.0,0.0,0.0,0.0,1.0
1406.0,朔州,5.0,0.0,0.0,20.0,66.6,60.0,4.0,4.0,4.0,112.407290575569,39.32761547450113,112.75627133181821,39.56516040965907,39.331595,112.432825,450359.22,57368.0,2011.0,3.0,186.2000015079975,18.926086,0.0,0.0,0.0,0.0,0.0,0.0,0.0,0.0,54.0,54.0,9.0,18.0,7.0,0.0,0.0,0.0,0.0,0.0,1.0
1406.0,朔州,5.0,0.0,0.0,20.0,66.6,60.0,4.0,4.0,4.0,112.407290575569,39.32761547450113,112.75627133181821,39.56516040965907,39.331595,112.432825,450359.22,57368.0,2011.0,4.0,46.80000016093254,0.7565217,0.0,0.0,0.0,0.0,0.0,0.0,0.0,0.0,54.0,54.0,2.0,0.0,8.0,0.0,0.0,0.0,0.0,0.0,1.0
1406.0,朔州,5.0,0.0,0.0,20.0,66.6,60.0,4.0,4.0,4.0,112.407290575569,39.32761547450113,112.75627133181821,39.56516040965907,39.331595,112.432825,450359.22,57368.0,2012.0,1.0,8.200000070035458,-5.958242,0.0,0.0,0.0,0.0,0.0,0.0,0.0,0.0,54.0,50.0,0.0,-5.0,9.0,0.0,0.0,0.0,0.0,0.0,0.0
1406.0,朔州,5.0,0.0,0.0,20.0,66.6,60.0,4.0,4.0,4.0,112.407290575569,39.32761547450113,112.75627133181821,39.56516040965907,39.331595,112.432825,450359.22,57368.0,2012.0,2.0,152.50000052154064,16.541758,2.0,0.0,1.0,1.0,0.0,1.0,1.0,0.0,54.0,50.0,7.0,16.0,10.0,1.0986123,0.6931472,0.6931472,0.0,0.0,6.0
1406.0,朔州,5.0,0.0,0.0,20.0,66.6,60.0,4.0,4.0,4.0,112.407290575569,39.32761547450113,112.75627133181821,39.56516040965907,39.331595,112.432825,450359.22,57368.0,2012.0,3.0,282.50000032037497,18.875,1.0,0.0,0.0,1.0,0.0,0.0,0.0,1.0,54.0,50.0,14.0,18.0,11.0,0.6931472,0.0,0.0,0.6931472,0.0,3.0
1406.0,朔州,5.0,0.0,0.0,20.0,66.6,60.0,4.0,4.0,4.0,112.407290575569,39.32761547450113,112.75627133181821,39.56516040965907,39.331595,112.432825,450359.22,57368.0,2012.0,4.0,21.299999587237835,-1.625,0.0,0.0,0.0,0.0,0.0,0.0,0.0,0.0,54.0,50.0,1.0,-1.0,12.0,0.0,0.0,0.0,0.0,0.0,0.0
1406.0,朔州,5.0,0.0,0.0,20.0,66.6,60.0,4.0,4.0,4.0,112.407290575569,39.32761547450113,112.75627133181821,39.56516040965907,39.331595,112.432825,450359.22,57368.0,2013.0,1.0,2.0,-2.5266666,0.0,0.0,0.0,0.0,0.0,0.0,0.0,0.0,54.0,51.0,0.0,-2.0,13.0,0.0,0.0,0.0,0.0,0.0,0.0
1406.0,朔州,5.0,0.0,0.0,20.0,66.6,60.0,4.0,4.0,4.0,112.407290575569,39.32761547450113,112.75627133181821,39.56516040965907,39.331595,112.432825,450359.22,57368.0,2013.0,2.0,157.89999923110008,16.44176,0.0,0.0,0.0,0.0,0.0,0.0,0.0,0.0,54.0,51.0,7.0,16.0,14.0,0.0,0.0,0.0,0.0,0.0,0.0
1406.0,朔州,5.0,0.0,0.0,20.0,66.6,60.0,4.0,4.0,4.0,112.407290575569,39.32761547450113,112.75627133181821,39.56516040965907,39.331595,112.432825,450359.22,57368.0,2013.0,3.0,351.90000246465206,19.56413,0.0,0.0,0.0,0.0,0.0,0.0,0.0,0.0,54.0,51.0,17.0,19.0,15.0,0.0,0.0,0.0,0.0,0.0,0.0
1406.0,朔州,5.0,0.0,0.0,20.0,66.6,60.0,4.0,4.0,4.0,112.407290575569,39.32761547450113,112.75627133181821,39.56516040965907,39.331595,112.432825,450359.22,57368.0,2013.0,4.0,19.199999824166298,0.23260869,1.0,0.0,1.0,0.0,0.0,0.0,1.0,0.0,54.0,51.0,0.0,0.0,16.0,0.6931472,0.0,0.6931472,0.0,0.0,8.0
1406.0,朔州,5.0,0.0,0.0,20.0,66.6,60.0,4.0,4.0,4.0,112.407290575569,39.32761547450113,112.75627133181821,39.56516040965907,39.331595,112.432825,450359.22,57368.0,2014.0,1.0,6.80000002682209,-2.4655557,1.0,0.0,1.0,1.0,0.0,0.0,1.0,0.0,54.0,50.0,0.0,-2.0,17.0,0.6931472,0.0,0.6931472,0.0,0.0,0.0
1406.0,朔州,5.0,0.0,0.0,20.0,66.6,60.0,4.0,4.0,4.0,112.407290575569,39.32761547450113,112.75627133181821,39.56516040965907,39.331595,112.432825,450359.22,57368.0,2014.0,2.0,113.29999931156635,16.264835,5.0,1.0,5.0,4.0,0.0,1.0,3.0,1.0,54.0,50.0,5.0,16.0,18.0,1.7917595,0.6931472,1.3862944,0.6931472,0.0,4.0
1406.0,朔州,5.0,0.0,0.0,20.0,66.6,60.0,4.0,4.0,4.0,112.407290575569,39.32761547450113,112.75627133181821,39.56516040965907,39.331595,112.432825,450359.22,57368.0,2014.0,3.0,242.39999955892563,18.881521,4.0,0.0,1.0,3.0,1.0,1.0,2.0,1.0,54.0,50.0,12.0,18.0,19.0,1.609438,0.6931472,1.0986123,0.6931472,0.0,3.0
1406.0,朔州,5.0,0.0,0.0,20.0,66.6,60.0,4.0,4.0,4.0,112.407290575569,39.32761547450113,112.75627133181821,39.56516040965907,39.331595,112.432825,450359.22,57368.0,2014.0,4.0,18.300000108778477,0.42717388,1.0,0.0,0.0,0.0,1.0,0.0,1.0,0.0,54.0,50.0,0.0,0.0,20.0,0.6931472,0.0,0.6931472,0.0,0.0,0.0
1406.0,朔州,5.0,0.0,0.0,20.0,66.6,60.0,4.0,4.0,4.0,112.407290575569,39.32761547450113,112.75627133181821,39.56516040965907,39.331595,112.432825,450359.22,57368.0,2015.0,1.0,5.599999882280827,-2.8344445,6.0,5.0,4.0,3.0,1.0,1.0,0.0,5.0,54.0,51.0,0.0,-2.0,21.0,1.9459101,0.6931472,0.0,1.7917595,1.0,3.0
1406.0,朔州,5.0,0.0,0.0,20.0,66.6,60.0,4.0,4.0,4.0,112.407290575569,39.32761547450113,112.75627133181821,39.56516040965907,39.331595,112.432825,450359.22,57368.0,2015.0,2.0,107.09999911487103,15.615385,5.0,4.0,4.0,2.0,1.0,2.0,1.0,2.0,54.0,51.0,5.0,15.0,22.0,1.7917595,1.0986123,0.6931472,1.0986123,1.0,4.0
1406.0,朔州,5.0,0.0,0.0,20.0,66.6,60.0,4.0,4.0,4.0,112.407290575569,39.32761547450113,112.75627133181821,39.56516040965907,39.331595,112.432825,450359.22,57368.0,2015.0,3.0,193.0999997034669,19.357609,1.0,1.0,1.0,0.0,0.0,1.0,0.0,0.0,54.0,51.0,9.0,19.0,23.0,0.6931472,0.6931472,0.0,0.0,1.0,1.0
1406.0,朔州,5.0,0.0,0.0,20.0,66.6,60.0,4.0,4.0,4.0,112.407290575569,39.32761547450113,112.75627133181821,39.56516040965907,39.331595,112.432825,450359.22,57368.0,2015.0,4.0,77.89999839663506,1.3836956,3.0,3.0,3.0,3.0,0.0,1.0,2.0,0.0,54.0,51.0,3.0,1.0,24.0,1.3862944,0.6931472,1.0986123,0.0,1.0,2.0
1406.0,朔州,5.0,0.0,0.0,20.0,66.6,60.0,4.0,4.0,4.0,112.407290575569,39.32761547450113,112.75627133181821,39.56516040965907,39.331595,112.432825,450359.22,57368.0,2016.0,1.0,13.300000339746475,-5.054945,8.0,6.0,4.0,2.0,0.0,1.0,4.0,3.0,54.0,52.0,0.0,-5.0,25.0,2.1972246,0.6931472,1.609438,1.3862944,1.0,15.0
1406.0,朔州,5.0,0.0,0.0,20.0,66.6,60.0,4.0,4.0,4.0,112.407290575569,39.32761547450113,112.75627133181821,39.56516040965907,39.331595,112.432825,450359.22,57368.0,2016.0,2.0,72.8999989554286,16.353846,3.0,2.0,2.0,0.0,0.0,0.0,2.0,1.0,54.0,52.0,3.0,16.0,26.0,1.3862944,0.0,1.0986123,0.6931472,1.0,5.0
1406.0,朔州,5.0,0.0,0.0,20.0,66.6,60.0,4.0,4.0,4.0,112.407290575569,39.32761547450113,112.75627133181821,39.56516040965907,39.331595,112.432825,450359.22,57368.0,2016.0,3.0,340.70000426471233,20.023912,3.0,1.0,2.0,0.0,0.0,0.0,2.0,1.0,54.0,52.0,17.0,20.0,27.0,1.3862944,0.0,1.0986123,0.6931472,1.0,5.0
1406.0,朔州,5.0,0.0,0.0,20.0,66.6,60.0,4.0,4.0,4.0,112.407290575569,39.32761547450113,112.75627133181821,39.56516040965907,39.331595,112.432825,450359.22,57368.0,2016.0,4.0,85.69999983906746,1.8532609,3.0,2.0,2.0,0.0,0.0,0.0,2.0,1.0,54.0,52.0,4.0,1.0,28.0,1.3862944,0.0,1.0986123,0.6931472,1.0,5.0
1406.0,朔州,5.0,0.0,0.0,20.0,66.6,60.0,4.0,4.0,4.0,112.407290575569,39.32761547450113,112.75627133181821,39.56516040965907,39.331595,112.432825,450359.22,57368.0,2017.0,1.0,18.100000239908695,-3.258889,13.0,5.0,11.0,8.0,2.0,2.0,10.0,1.0,54.0,54.0,0.0,-3.0,29.0,2.6390574,1.0986123,2.3978953,0.6931472,1.0,19.0
1406.0,朔州,5.0,0.0,0.0,20.0,66.6,60.0,4.0,4.0,4.0,112.407290575569,39.32761547450113,112.75627133181821,39.56516040965907,39.331595,112.432825,450359.22,57368.0,2017.0,2.0,89.8999999165535,16.468132,4.0,3.0,3.0,0.0,0.0,1.0,2.0,1.0,54.0,54.0,4.0,16.0,30.0,1.609438,0.6931472,1.0986123,0.6931472,1.0,4.0
1406.0,朔州,5.0,0.0,0.0,20.0,66.6,60.0,4.0,4.0,4.0,112.407290575569,39.32761547450113,112.75627133181821,39.56516040965907,39.331595,112.432825,450359.22,57368.0,2017.0,3.0,363.5999985486269,20.279348,5.0,4.0,4.0,2.0,0.0,2.0,2.0,1.0,54.0,54.0,18.0,20.0,31.0,1.7917595,1.0986123,1.0986123,0.6931472,1.0,7.0
1406.0,朔州,5.0,0.0,0.0,20.0,66.6,60.0,4.0,4.0,4.0,112.407290575569,39.32761547450113,112.75627133181821,39.56516040965907,39.331595,112.432825,450359.22,57368.0,2017.0,4.0,92.10000072419643,-0.22391309,9.0,7.0,5.0,5.0,2.0,2.0,5.0,2.0,54.0,54.0,4.0,0.0,32.0,2.3025851,1.0986123,1.7917595,1.0986123,1.0,13.0
1407.0,晋中,4.0,0.0,0.0,20.0,51.0,45.09,4.0,2.0,4.0,112.72569522094486,37.71830780676412,112.4161568635965,37.30399296491232,37.687357,112.752652,432920.78,36734.0,2010.0,1.0,16.40000009536743,0.18777777,0.0,0.0,0.0,0.0,0.0,0.0,0.0,0.0,54.0,54.0,0.0,0.0,1.0,0.0,0.0,0.0,0.0,0.0,0.0
1407.0,晋中,4.0,0.0,0.0,20.0,51.0,45.09,4.0,2.0,4.0,112.72569522094486,37.71830780676412,112.4161568635965,37.30399296491232,37.687357,112.752652,432920.78,36734.0,2010.0,2.0,58.40000023692846,17.87143,2.0,2.0,0.0,2.0,0.0,0.0,0.0,2.0,54.0,54.0,2.0,17.0,2.0,1.0986123,0.0,0.0,1.0986123,0.0,22.0
1407.0,晋中,4.0,0.0,0.0,20.0,51.0,45.09,4.0,2.0,4.0,112.72569522094486,37.71830780676412,112.4161568635965,37.30399296491232,37.687357,112.752652,432920.78,36734.0,2010.0,3.0,282.09999979287386,22.493479,0.0,0.0,0.0,0.0,0.0,0.0,0.0,0.0,54.0,54.0,14.0,22.0,3.0,0.0,0.0,0.0,0.0,0.0,0.0
1407.0,晋中,4.0,0.0,0.0,20.0,51.0,45.09,4.0,2.0,4.0,112.72569522094486,37.71830780676412,112.4161568635965,37.30399296491232,37.687357,112.752652,432920.78,36734.0,2010.0,4.0,19.69999986886978,4.5869565,0.0,0.0,0.0,0.0,0.0,0.0,0.0,0.0,54.0,54.0,0.0,4.0,4.0,0.0,0.0,0.0,0.0,0.0,0.0
1407.0,晋中,4.0,0.0,0.0,20.0,51.0,45.09,4.0,2.0,4.0,112.72569522094486,37.71830780676412,112.4161568635965,37.30399296491232,37.687357,112.752652,432920.78,36734.0,2011.0,1.0,9.899999976158142,-1.2277777,1.0,1.0,1.0,0.0,0.0,0.0,0.0,1.0,54.0,49.0,0.0,-1.0,5.0,0.6931472,0.0,0.0,0.6931472,0.0,2.0
1407.0,晋中,4.0,0.0,0.0,20.0,51.0,45.09,4.0,2.0,4.0,112.72569522094486,37.71830780676412,112.4161568635965,37.30399296491232,37.687357,112.752652,432920.78,36734.0,2011.0,2.0,80.50000043958426,18.523077,0.0,0.0,0.0,0.0,0.0,0.0,0.0,0.0,54.0,49.0,4.0,18.0,6.0,0.0,0.0,0.0,0.0,0.0,0.0
1407.0,晋中,4.0,0.0,0.0,20.0,51.0,45.09,4.0,2.0,4.0,112.72569522094486,37.71830780676412,112.4161568635965,37.30399296491232,37.687357,112.752652,432920.78,36734.0,2011.0,3.0,324.20000091940165,21.038044,1.0,0.0,0.0,0.0,0.0,0.0,0.0,1.0,54.0,49.0,16.0,21.0,7.0,0.6931472,0.0,0.0,0.6931472,0.0,2.0
1407.0,晋中,4.0,0.0,0.0,20.0,51.0,45.09,4.0,2.0,4.0,112.72569522094486,37.71830780676412,112.4161568635965,37.30399296491232,37.687357,112.752652,432920.78,36734.0,2011.0,4.0,81.99999926239252,4.683696,1.0,0.0,1.0,0.0,0.0,0.0,0.0,1.0,54.0,49.0,4.0,4.0,8.0,0.6931472,0.0,0.0,0.6931472,0.0,2.0
1407.0,晋中,4.0,0.0,0.0,20.0,51.0,45.09,4.0,2.0,4.0,112.72569522094486,37.71830780676412,112.4161568635965,37.30399296491232,37.687357,112.752652,432920.78,36734.0,2012.0,1.0,10.100000023841858,-0.9087912,3.0,1.0,2.0,0.0,2.0,0.0,0.0,3.0,54.0,50.0,0.0,0.0,9.0,1.3862944,0.0,0.0,1.3862944,0.0,5.0
1407.0,晋中,4.0,0.0,0.0,20.0,51.0,45.09,4.0,2.0,4.0,112.72569522094486,37.71830780676412,112.4161568635965,37.30399296491232,37.687357,112.752652,432920.78,36734.0,2012.0,2.0,85.6000002771616,19.484615,2.0,1.0,2.0,1.0,0.0,0.0,1.0,1.0,54.0,50.0,4.0,19.0,10.0,1.0986123,0.0,0.6931472,0.6931472,0.0,3.0
1407.0,晋中,4.0,0.0,0.0,20.0,51.0,45.09,4.0,2.0,4.0,112.72569522094486,37.71830780676412,112.4161568635965,37.30399296491232,37.687357,112.752652,432920.78,36734.0,2012.0,3.0,306.4999992400408,21.390217,0.0,0.0,0.0,0.0,0.0,0.0,0.0,0.0,54.0,50.0,15.0,21.0,11.0,0.0,0.0,0.0,0.0,0.0,0.0
1407.0,晋中,4.0,0.0,0.0,20.0,51.0,45.09,4.0,2.0,4.0,112.72569522094486,37.71830780676412,112.4161568635965,37.30399296491232,37.687357,112.752652,432920.78,36734.0,2012.0,4.0,25.599999740719795,2.7858696,0.0,0.0,0.0,0.0,0.0,0.0,0.0,0.0,54.0,50.0,1.0,2.0,12.0,0.0,0.0,0.0,0.0,0.0,0.0
1407.0,晋中,4.0,0.0,0.0,20.0,51.0,45.09,4.0,2.0,4.0,112.72569522094486,37.71830780676412,112.4161568635965,37.30399296491232,37.687357,112.752652,432920.78,36734.0,2013.0,1.0,3.8000000715255737,0.73777777,1.0,0.0,0.0,0.0,1.0,0.0,0.0,1.0,54.0,51.0,0.0,0.0,13.0,0.6931472,0.0,0.0,0.6931472,0.0,4.0
1407.0,晋中,4.0,0.0,0.0,20.0,51.0,45.09,4.0,2.0,4.0,112.72569522094486,37.71830780676412,112.4161568635965,37.30399296491232,37.687357,112.752652,432920.78,36734.0,2013.0,2.0,137.09999890625477,18.415384,1.0,1.0,0.0,1.0,0.0,0.0,0.0,1.0,54.0,51.0,6.0,18.0,14.0,0.6931472,0.0,0.0,0.6931472,0.0,4.0
1407.0,晋中,4.0,0.0,0.0,20.0,51.0,45.09,4.0,2.0,4.0,112.72569522094486,37.71830780676412,112.4161568635965,37.30399296491232,37.687357,112.752652,432920.78,36734.0,2013.0,3.0,325.700003542006,21.61413,3.0,0.0,1.0,2.0,3.0,0.0,1.0,2.0,54.0,51.0,16.0,21.0,15.0,1.3862944,0.0,0.6931472,1.0986123,0.0,12.0
1407.0,晋中,4.0,0.0,0.0,20.0,51.0,45.09,4.0,2.0,4.0,112.72569522094486,37.71830780676412,112.4161568635965,37.30399296491232,37.687357,112.752652,432920.78,36734.0,2013.0,4.0,20.700000137090683,3.980435,5.0,1.0,3.0,2.0,3.0,0.0,1.0,4.0,54.0,51.0,1.0,3.0,16.0,1.7917595,0.0,0.6931472,1.609438,0.0,20.0
1407.0,晋中,4.0,0.0,0.0,20.0,51.0,45.09,4.0,2.0,4.0,112.72569522094486,37.71830780676412,112.4161568635965,37.30399296491232,37.687357,112.752652,432920.78,36734.0,2014.0,1.0,28.000000178813934,0.9433333,1.0,0.0,1.0,0.0,0.0,0.0,0.0,1.0,54.0,50.0,1.0,0.0,17.0,0.6931472,0.0,0.0,0.6931472,0.0,1.0
1407.0,晋中,4.0,0.0,0.0,20.0,51.0,45.09,4.0,2.0,4.0,112.72569522094486,37.71830780676412,112.4161568635965,37.30399296491232,37.687357,112.752652,432920.78,36734.0,2014.0,2.0,137.2000008225441,18.548351,5.0,1.0,5.0,3.0,0.0,0.0,2.0,3.0,54.0,50.0,6.0,18.0,18.0,1.7917595,0.0,1.0986123,1.3862944,0.0,6.0
1407.0,晋中,4.0,0.0,0.0,20.0,51.0,45.09,4.0,2.0,4.0,112.72569522094486,37.71830780676412,112.4161568635965,37.30399296491232,37.687357,112.752652,432920.78,36734.0,2014.0,3.0,247.99999945610762,20.659782,7.0,3.0,6.0,3.0,0.0,0.0,2.0,5.0,54.0,50.0,12.0,20.0,19.0,2.0794415,0.0,1.0986123,1.7917595,0.0,9.0
1407.0,晋中,4.0,0.0,0.0,20.0,51.0,45.09,4.0,2.0,4.0,112.72569522094486,37.71830780676412,112.4161568635965,37.30399296491232,37.687357,112.752652,432920.78,36734.0,2014.0,4.0,15.499999932944775,3.7456522,5.0,5.0,2.0,4.0,0.0,0.0,1.0,4.0,54.0,50.0,0.0,3.0,20.0,1.7917595,0.0,0.6931472,1.609438,0.0,6.0
1407.0,晋中,4.0,0.0,0.0,20.0,51.0,45.09,4.0,2.0,4.0,112.72569522094486,37.71830780676412,112.4161568635965,37.30399296491232,37.687357,112.752652,432920.78,36734.0,2015.0,1.0,17.400000035762787,1.1411111,11.0,8.0,5.0,8.0,3.0,1.0,3.0,7.0,54.0,51.0,0.0,1.0,21.0,2.4849067,0.6931472,1.3862944,2.0794415,1.0,22.0
1407.0,晋中,4.0,0.0,0.0,20.0,51.0,45.09,4.0,2.0,4.0,112.72569522094486,37.71830780676412,112.4161568635965,37.30399296491232,37.687357,112.752652,432920.78,36734.0,2015.0,2.0,76.4999999627471,18.392307,10.0,5.0,6.0,3.0,2.0,2.0,4.0,4.0,54.0,51.0,3.0,18.0,22.0,2.3978953,1.0986123,1.609438,1.609438,1.0,20.0
1407.0,晋中,4.0,0.0,0.0,20.0,51.0,45.09,4.0,2.0,4.0,112.72569522094486,37.71830780676412,112.4161568635965,37.30399296491232,37.687357,112.752652,432920.78,36734.0,2015.0,3.0,240.19999916106462,21.45326,2.0,1.0,1.0,1.0,0.0,1.0,1.0,0.0,54.0,51.0,12.0,21.0,23.0,1.0986123,0.6931472,0.6931472,0.0,1.0,4.0
1407.0,晋中,4.0,0.0,0.0,20.0,51.0,45.09,4.0,2.0,4.0,112.72569522094486,37.71830780676412,112.4161568635965,37.30399296491232,37.687357,112.752652,432920.78,36734.0,2015.0,4.0,69.49999958276749,4.4206524,7.0,4.0,7.0,4.0,1.0,1.0,2.0,4.0,54.0,51.0,3.0,4.0,24.0,2.0794415,0.6931472,1.0986123,1.609438,1.0,13.0
1407.0,晋中,4.0,0.0,0.0,20.0,51.0,45.09,4.0,2.0,4.0,112.72569522094486,37.71830780676412,112.4161568635965,37.30399296491232,37.687357,112.752652,432920.78,36734.0,2016.0,1.0,10.300000011920929,-0.31758243,10.0,5.0,5.0,5.0,1.0,4.0,2.0,4.0,54.0,52.0,0.0,0.0,25.0,2.3978953,1.609438,1.0986123,1.609438,1.0,34.0
1407.0,晋中,4.0,0.0,0.0,20.0,51.0,45.09,4.0,2.0,4.0,112.72569522094486,37.71830780676412,112.4161568635965,37.30399296491232,37.687357,112.752652,432920.78,36734.0,2016.0,2.0,138.30000039935112,18.362637,6.0,4.0,5.0,4.0,2.0,2.0,1.0,3.0,54.0,52.0,6.0,18.0,26.0,1.9459101,1.0986123,0.6931472,1.3862944,1.0,20.0
1407.0,晋中,4.0,0.0,0.0,20.0,51.0,45.09,4.0,2.0,4.0,112.72569522094486,37.71830780676412,112.4161568635965,37.30399296491232,37.687357,112.752652,432920.78,36734.0,2016.0,3.0,302.4000004529953,21.92826,2.0,0.0,0.0,0.0,0.0,1.0,0.0,1.0,54.0,52.0,15.0,21.0,27.0,1.0986123,0.6931472,0.0,0.6931472,1.0,6.0
1407.0,晋中,4.0,0.0,0.0,20.0,51.0,45.09,4.0,2.0,4.0,112.72569522094486,37.71830780676412,112.4161568635965,37.30399296491232,37.687357,112.752652,432920.78,36734.0,2016.0,4.0,77.40000080317259,4.8565216,11.0,8.0,7.0,7.0,2.0,3.0,3.0,5.0,54.0,52.0,3.0,4.0,28.0,2.4849067,1.3862944,1.3862944,1.7917595,1.0,38.0
1407.0,晋中,4.0,0.0,0.0,20.0,51.0,45.09,4.0,2.0,4.0,112.72569522094486,37.71830780676412,112.4161568635965,37.30399296491232,37.687357,112.752652,432920.78,36734.0,2017.0,1.0,16.90000033378601,1.1555556,22.0,7.0,19.0,5.0,1.0,1.0,4.0,17.0,54.0,54.0,0.0,1.0,29.0,3.1354942,0.6931472,1.609438,2.8903718,1.0,102.0
1407.0,晋中,4.0,0.0,0.0,20.0,51.0,45.09,4.0,2.0,4.0,112.72569522094486,37.71830780676412,112.4161568635965,37.30399296491232,37.687357,112.752652,432920.78,36734.0,2017.0,2.0,81.3999989181757,18.815384,7.0,2.0,6.0,5.0,0.0,1.0,3.0,3.0,54.0,54.0,4.0,18.0,30.0,2.0794415,0.6931472,1.3862944,1.3862944,1.0,31.0
1407.0,晋中,4.0,0.0,0.0,20.0,51.0,45.09,4.0,2.0,4.0,112.72569522094486,37.71830780676412,112.4161568635965,37.30399296491232,37.687357,112.752652,432920.78,36734.0,2017.0,3.0,269.49999683350325,22.45,4.0,0.0,1.0,0.0,0.0,1.0,3.0,0.0,54.0,54.0,13.0,22.0,31.0,1.609438,0.6931472,1.3862944,0.0,1.0,17.0
1407.0,晋中,4.0,0.0,0.0,20.0,51.0,45.09,4.0,2.0,4.0,112.72569522094486,37.71830780676412,112.4161568635965,37.30399296491232,37.687357,112.752652,432920.78,36734.0,2017.0,4.0,153.40000107884407,3.5423913,22.0,7.0,19.0,7.0,1.0,1.0,6.0,15.0,54.0,54.0,7.0,3.0,32.0,3.1354942,0.6931472,1.9459101,2.7725887,1.0,102.0
1408.0,运城,5.0,0.0,0.0,20.0,55.0,64.0,4.0,4.0,4.0,111.03239195803955,35.040227184940775,110.95838045703876,35.26456110121358,35.026516,111.00746,701682.3,22940.0,2010.0,1.0,11.599999994039536,3.62,0.0,0.0,0.0,0.0,0.0,0.0,0.0,0.0,55.0,52.0,0.0,3.0,1.0,0.0,0.0,0.0,0.0,0.0,0.0
1408.0,运城,5.0,0.0,0.0,20.0,55.0,64.0,4.0,4.0,4.0,111.03239195803955,35.040227184940775,110.95838045703876,35.26456110121358,35.026516,111.00746,701682.3,22940.0,2010.0,2.0,93.79999978095293,20.726374,2.0,2.0,0.0,2.0,0.0,0.0,2.0,0.0,55.0,52.0,4.0,20.0,2.0,1.0986123,0.0,1.0986123,0.0,0.0,7.0
1408.0,运城,5.0,0.0,0.0,20.0,55.0,64.0,4.0,4.0,4.0,111.03239195803955,35.040227184940775,110.95838045703876,35.26456110121358,35.026516,111.00746,701682.3,22940.0,2010.0,3.0,389.59999986737967,24.970652,2.0,2.0,1.0,1.0,0.0,0.0,1.0,1.0,55.0,52.0,19.0,24.0,3.0,1.0986123,0.0,0.6931472,0.6931472,0.0,7.0
1408.0,运城,5.0,0.0,0.0,20.0,55.0,64.0,4.0,4.0,4.0,111.03239195803955,35.040227184940775,110.95838045703876,35.26456110121358,35.026516,111.00746,701682.3,22940.0,2010.0,4.0,35.40000008046627,7.448913,2.0,0.0,0.0,1.0,0.0,0.0,1.0,1.0,55.0,52.0,1.0,7.0,4.0,1.0986123,0.0,0.6931472,0.6931472,0.0,7.0
